{"Well done to #OneTeamSG for flying the flag high at the @GC2018. Our athletes brought home 5 Gold\ud83e\udd47, 2 Silver\ud83e\udd48 & 2 Bronze\ud83e\udd49medals in shooting, table tennis & swimming. Congratulations!": {"sentiment": {"disgust": 0.233418410216143, "anticipation": 0.5802640393572155, "joy": 0.5651265903008109, "anger": 0.0474519274945162, "sadness": 0.1410745030559894, "surprise": 0.11503252355350195, "fear": 0.07004686046341743, "trust": 0.6672384404484618}, "wordCount": 37, "sent": "Well done to #OneTeamSG for flying the flag high at the @GC2018. Our athletes brought home 5 Gold\ud83e\udd47, 2 Silver\ud83e\udd48 & 2 Bronze\ud83e\udd49medals in shooting, table tennis & swimming. Congratulations!", "label": [["No strong emotion"]]}}